{
    "MSFT_SMA_profit": -46.30620000000023,
    "MSFT_SMA_returns_%": -51.560182607727675,
    "MSFT_SMA_today": "Buy",
    "MSFT_MR_profit": -162.16399999999996,
    "MSFT_MR_returns_%": -175.5591642308108,
    "MSFT_MR_today": "Do Nothing",
    "MSFT_BB_profit": 156.72699999999998,
    "MSFT_BB_returns_%": 170.9313992801832,
    "MSFT_BB_today": "Do nothing",
    "AAPL_SMA_profit": 207.24139999999994,
    "AAPL_SMA_returns_%": 215.0476289301649,
    "AAPL_SMA_today": "Buy",
    "AAPL_MR_profit": 984.5327999999998,
    "AAPL_MR_returns_%": 1268.4009275959802,
    "AAPL_MR_today": "Do Nothing",
    "AAPL_BB_profit": -467.0163999999999,
    "AAPL_BB_returns_%": -484.60765798485,
    "AAPL_BB_today": "Do nothing",
    "GOOG_SMA_profit": 134.21990000000102,
    "GOOG_SMA_returns_%": 23.558096675676804,
    "GOOG_SMA_today": "Do Nothing",
    "GOOG_MR_profit": 4024.460000000001,
    "GOOG_MR_returns_%": 720.6353185545967,
    "GOOG_MR_today": "Do Nothing",
    "GOOG_BB_profit": -2231.7500000000005,
    "GOOG_BB_returns_%": -417.62570407380383,
    "GOOG_BB_today": "Do nothing",
    "ADBE_SMA_profit": -69.48110000000014,
    "ADBE_SMA_returns_%": -97.33973101709182,
    "ADBE_SMA_today": "Buy",
    "ADBE_MR_profit": 561.4399999999998,
    "ADBE_MR_returns_%": 818.9031505250872,
    "ADBE_MR_today": "Do Nothing",
    "ADBE_BB_profit": -154.31999999999994,
    "ADBE_BB_returns_%": -228.62222222222215,
    "ADBE_BB_today": "Do nothing",
    "AMZN_SMA_profit": -1115.686599999998,
    "AMZN_SMA_returns_%": -1430.367435897433,
    "AMZN_SMA_today": "Buy",
    "AMZN_MR_profit": 3186.549999999998,
    "AMZN_MR_returns_%": 4609.50383335744,
    "AMZN_MR_today": "Do Nothing",
    "AMZN_BB_profit": -1588.1499999999987,
    "AMZN_BB_returns_%": -2036.089743589742,
    "AMZN_BB_today": "Do nothing",
    "COST_SMA_profit": 73.0272000000005,
    "COST_SMA_returns_%": 84.42450867052081,
    "COST_SMA_today": "Buy",
    "COST_MR_profit": 143.48000000000013,
    "COST_MR_returns_%": 182.6374745417517,
    "COST_MR_today": "Do Nothing",
    "COST_BB_profit": 136.93999999999994,
    "COST_BB_returns_%": 158.31213872832365,
    "COST_BB_today": "Do nothing",
    "DKNG_SMA_profit": 24.283899999999974,
    "DKNG_SMA_returns_%": 248.3016359918198,
    "DKNG_SMA_today": "Buy",
    "DKNG_MR_profit": -33.17,
    "DKNG_MR_returns_%": -338.46938775510205,
    "DKNG_MR_today": "Do Nothing",
    "DKNG_BB_profit": 18.264999999999983,
    "DKNG_BB_returns_%": 168.49630996309946,
    "DKNG_BB_today": "Do nothing",
    "MRNA_SMA_profit": 308.3700000000001,
    "MRNA_SMA_returns_%": 2019.4499017681735,
    "MRNA_SMA_today": "Do Nothing",
    "MRNA_MR_profit": -376.4899999999996,
    "MRNA_MR_returns_%": -2024.1397849462342,
    "MRNA_MR_today": "Buy",
    "MRNA_BB_profit": 262.30999999999983,
    "MRNA_BB_returns_%": 1717.8127046496388,
    "MRNA_BB_today": "Sell",
    "TSLA_SMA_profit": 372.3702999999993,
    "TSLA_SMA_returns_%": 2052.757993384781,
    "TSLA_SMA_today": "Do Nothing",
    "TSLA_MR_profit": 668.9508000000001,
    "TSLA_MR_returns_%": 2800.128924236082,
    "TSLA_MR_today": "Do Nothing",
    "TSLA_BB_profit": -252.46540000000005,
    "TSLA_BB_returns_%": -1391.7607497243662,
    "TSLA_BB_today": "Do nothing",
    "Z_SMA_profit": 85.41999999999993,
    "Z_SMA_returns_%": 326.0305343511448,
    "Z_SMA_today": "Do Nothing",
    "Z_MR_profit": -62.71000000000002,
    "Z_MR_returns_%": -226.06344628695035,
    "Z_MR_today": "Do Nothing",
    "Z_BB_profit": 35.34,
    "Z_BB_returns_%": 127.81193490054252,
    "Z_BB_today": "Do nothing",
    "Highest Returning Strategy": [
        "AMZN_MR_returns_%",
        4609.50383335744
    ]
}